Maths,Physics,English,Economics,Biology,Group
90,90,45,45,95,1
92,55,17,99,61,1
39,90,97,46,79,1
89,23,47,50,99,1
27,50,90,98,49,1
87,37,11,80,12,1
35,92,73,72,77,1
58,89,61,75,66,1
33,81,61,33,13,1
86,53,49,13,59,1
22,98,34,65,24,1
20,36,61,46,72,1
72,43,12,23,33,1
98,81,98,56,44,1
82,79,58,13,50,1
98,83,51,51,12,1
98,57,74,32,68,1
49,10,25,64,44,1
65,22,83,95,91,1
48,65,49,35,82,1
93,97,74,17,76,1
96,50,88,50,33,1
96,60,63,47,24,1
98,67,23,17,39,1
93,11,19,28,63,1
70,57,27,50,12,1
70,82,62,86,83,1
89,27,75,86,45,1
58,82,37,33,13,1
42,37,40,28,81,1
32,52,28,58,69,2
26,46,21,66,49,2
79,81,24,52,53,2
31,65,36,40,24,2
20,78,18,15,22,2
13,76,95,98,32,2
48,75,11,52,50,2
83,15,75,13,70,2
46,26,53,82,81,2
16,86,77,61,25,2
38,52,61,64,45,2
92,38,60,86,64,2
67,23,73,80,28,2
46,81,51,44,95,2
85,67,35,58,97,2
35,51,58,42,70,2
82,87,75,77,51,2
11,36,39,36,70,2
88,81,43,33,12,2
19,74,92,74,90,2
56,55,40,57,98,2
69,98,40,27,64,2
69,72,49,37,92,2
48,89,49,58,42,2
81,64,30,62,60,2
49,10,58,13,10,2
84,41,33,52,63,2
35,65,62,88,27,2
57,90,61,52,53,2
14,67,60,41,38,2
11,98,67,53,68,3
37,63,30,61,31,3
40,87,26,76,78,3
31,99,65,36,56,3
66,85,66,70,57,3
12,49,19,57,42,3
40,26,98,29,20,3
21,50,46,90,37,3
43,56,43,88,91,3
45,18,19,44,66,3
90,71,22,53,78,3
39,63,28,57,75,3
49,17,69,87,22,3
12,22,30,46,87,3
68,90,63,42,24,3
27,63,37,36,10,3
59,57,61,36,56,3
71,50,65,27,72,3
12,22,61,38,71,3
69,21,47,91,17,3
63,99,48,66,65,3
55,28,12,83,77,3
75,24,24,82,37,3
96,13,62,12,69,3
93,65,76,87,56,3
98,35,17,35,59,3
78,55,86,17,23,3
52,90,58,36,41,3
92,16,19,73,94,3
81,82,65,38,12,3
10,71,58,63,23,4
82,56,21,69,64,4
56,79,55,49,50,4
26,81,36,41,33,4
47,56,76,84,13,4
38,49,98,70,30,4
37,63,62,95,32,4
84,34,33,10,64,4
99,93,52,52,37,4
80,41,50,36,96,4
37,67,82,52,31,4
17,14,79,75,88,4
99,19,13,93,40,4
32,17,16,54,61,4
18,89,67,94,48,4
91,84,68,12,62,4
37,84,46,75,16,4
64,94,29,36,80,4
59,29,15,71,26,4
49,44,81,43,72,4
23,99,63,74,30,4
89,69,12,45,70,4
92,66,97,17,55,4
52,75,67,96,58,4
72,62,66,18,99,4
77,16,96,95,32,4
74,15,50,54,86,4
89,79,96,18,26,4
25,32,67,31,14,4
67,94,70,42,40,4
84,77,30,59,63,5
49,70,81,21,32,5
82,40,65,20,42,5
52,79,64,95,30,5
26,10,11,38,88,5
19,65,15,70,25,5
26,64,14,61,22,5
70,26,43,98,40,5
18,42,94,61,99,5
82,63,94,52,81,5
78,29,27,29,29,5
51,63,10,55,61,5
83,57,22,15,43,5
74,87,20,58,22,5
76,16,84,60,93,5
59,40,24,96,34,5
42,68,47,73,98,5
95,86,95,88,78,5
35,91,70,23,96,5
99,94,60,43,24,5
77,93,50,72,21,5
53,45,88,55,99,5
68,68,77,67,92,5
19,77,42,86,14,5
61,86,80,86,54,5
65,87,20,65,74,5
27,19,57,73,23,5
12,25,37,11,90,5
16,37,20,21,61,5
72,82,20,61,16,5
15,48,44,66,32,6
79,81,73,85,42,6
84,27,38,47,50,6
50,88,18,72,52,6
94,21,68,21,27,6
29,93,33,31,28,6
16,22,80,11,22,6
47,23,69,89,87,6
12,45,19,48,28,6
15,51,71,32,90,6
41,56,52,28,16,6
86,92,14,81,97,6
24,41,89,70,91,6
53,54,87,17,29,6
64,30,40,43,63,6
86,34,15,82,34,6
36,47,55,43,71,6
53,41,30,38,48,6
24,40,90,88,93,6
77,32,28,14,16,6
50,65,91,51,67,6
78,54,81,12,48,6
33,68,89,50,36,6
39,22,44,86,69,6
66,29,40,13,34,6
29,46,34,81,26,6
26,86,17,68,14,6
66,49,29,48,87,6
35,58,75,33,17,6
98,41,34,94,10,6
17,55,62,51,23,7
48,11,23,21,64,7
50,23,64,47,24,7
96,68,26,49,62,7
23,59,10,41,72,7
76,26,82,38,34,7
99,20,19,35,48,7
72,15,83,35,23,7
22,65,76,24,97,7
80,60,41,12,55,7
53,48,95,10,53,7
46,91,85,42,80,7
45,12,70,34,86,7
91,16,14,68,46,7
62,10,53,82,57,7
12,30,54,91,20,7
39,30,69,34,51,7
98,70,17,87,40,7
73,17,26,70,22,7
37,63,82,74,15,7
61,68,92,28,52,7
78,33,85,17,52,7
82,93,36,79,47,7
70,98,20,21,94,7
83,37,31,88,35,7
43,61,77,38,72,7
24,66,81,25,29,7
26,84,39,48,58,7
61,64,68,53,32,7
73,29,71,11,62,7
57,66,16,50,77,8
86,53,50,30,30,8
57,97,66,61,71,8
11,35,32,26,21,8
61,51,13,27,56,8
72,51,32,78,13,8
89,84,86,50,26,8
30,31,15,73,18,8
16,31,40,17,46,8
86,23,49,41,98,8
42,90,26,44,79,8
20,33,18,75,40,8
64,86,81,42,24,8
11,74,61,33,65,8
54,23,97,15,62,8
63,37,89,90,32,8
99,23,65,63,96,8
33,18,65,58,79,8
58,37,92,23,75,8
15,41,83,96,62,8
74,41,28,80,76,8
60,14,94,21,49,8
69,25,79,55,90,8
87,91,19,76,59,8
27,66,72,86,36,8
28,17,81,32,88,8
58,76,68,84,79,8
54,63,64,84,58,8
65,95,56,72,21,8
74,92,66,13,69,8
78,72,55,70,38,9
87,60,69,30,24,9
80,57,51,94,38,9
26,77,13,75,51,9
54,32,81,91,31,9
96,41,22,13,64,9
87,52,91,76,84,9
31,78,82,26,27,9
47,90,44,60,63,9
55,48,18,98,11,9
69,99,53,15,95,9
71,94,95,29,40,9
35,58,99,50,45,9
71,58,58,94,72,9
46,70,94,25,16,9
98,18,18,58,46,9
66,24,81,92,73,9
15,71,15,19,31,9
24,57,45,95,34,9
25,90,65,14,58,9
94,54,65,64,83,9
42,80,54,54,62,9
91,61,86,69,50,9
19,80,56,31,47,9
23,94,24,87,85,9
62,42,22,56,48,9
70,79,61,90,49,9
61,38,70,82,75,9
83,67,77,68,69,9
50,19,32,29,98,9
90,98,51,85,36,10
11,93,95,92,90,10
85,92,67,27,37,10
49,75,37,65,38,10
57,95,13,50,85,10
95,22,18,29,56,10
20,85,98,43,77,10
56,68,46,26,76,10
74,88,84,28,59,10
99,95,54,49,34,10
37,28,45,47,92,10
21,62,96,50,19,10
64,84,92,69,48,10
81,62,59,24,93,10
75,68,71,97,34,10
66,96,85,47,34,10
70,36,75,66,29,10
46,16,78,15,71,10
43,40,60,99,84,10
91,80,78,14,48,10
44,88,70,98,96,10
38,98,27,39,23,10
34,25,44,32,63,10
91,39,14,29,34,10
67,26,12,31,66,10
84,15,81,35,67,10
34,28,91,97,59,10
61,50,44,37,66,10
77,13,37,58,52,10
80,63,45,68,95,10
76,92,25,46,90,11
47,29,55,19,37,11
48,58,90,31,12,11
25,85,68,81,13,11
36,30,80,35,97,11
96,79,72,95,42,11
67,59,72,64,87,11
36,89,19,87,49,11
71,14,15,13,47,11
82,47,13,87,79,11
55,96,44,41,59,11
35,24,34,62,54,11
69,24,90,21,90,11
87,31,49,40,57,11
80,34,57,65,64,11
58,44,34,74,31,11
87,97,48,15,51,11
80,94,57,56,17,11
69,88,38,65,16,11
13,35,56,85,30,11
50,88,64,18,80,11
29,52,23,80,44,11
55,46,38,48,70,11
74,54,10,84,92,11
36,50,15,43,29,11
50,70,84,45,65,11
92,57,54,76,64,11
56,11,64,18,33,11
42,41,98,58,26,11
29,22,49,39,67,11
12,35,75,55,71,12
25,39,84,41,48,12
13,37,85,73,57,12
22,40,39,64,94,12
50,34,12,58,92,12
65,84,11,82,94,12
28,81,89,39,92,12
79,17,12,61,39,12
20,72,72,32,40,12
82,99,80,91,54,12
47,90,86,88,20,12
88,89,78,49,57,12
61,51,59,44,45,12
53,36,81,62,56,12
76,10,69,19,43,12
17,98,63,83,70,12
18,89,44,83,92,12
81,92,43,54,93,12
76,71,84,99,81,12
83,50,29,16,71,12
34,46,60,96,46,12
29,43,58,98,53,12
63,13,22,70,38,12
49,84,23,33,58,12
51,30,63,53,93,12
35,82,52,27,68,12
97,71,16,48,38,12
69,68,53,69,25,12
89,52,88,24,31,12
23,91,34,58,52,12
75,48,22,56,96,13
63,63,76,35,22,13
41,37,35,15,86,13
58,22,96,12,61,13
63,81,31,43,42,13
57,76,20,91,14,13
42,24,36,12,64,13
82,14,83,52,12,13
39,72,78,80,21,13
21,38,14,71,44,13
59,94,41,75,18,13
83,67,39,56,44,13
13,42,85,68,33,13
91,71,75,33,27,13
55,36,78,70,57,13
14,60,51,77,22,13
61,67,27,66,48,13
98,97,45,76,24,13
83,33,84,34,81,13
45,81,63,60,10,13
55,29,74,40,78,13
84,84,52,90,99,13
77,76,58,99,49,13
36,20,25,74,28,13
49,56,43,85,96,13
92,97,25,95,63,13
28,19,40,85,89,13
68,44,29,50,33,13
80,46,55,48,15,13
39,36,79,78,14,13
20,87,23,93,15,14
63,46,59,35,59,14
15,41,22,86,97,14
93,99,95,83,95,14
39,46,41,57,68,14
34,94,19,23,42,14
74,49,29,41,38,14
45,26,64,73,14,14
60,91,47,58,34,14
78,71,55,77,49,14
93,99,58,14,66,14
80,30,51,45,53,14
31,13,82,77,24,14
87,84,21,77,77,14
41,20,39,11,21,14
26,89,83,53,83,14
82,81,87,90,80,14
73,17,51,93,15,14
35,89,94,42,66,14
58,32,57,45,39,14
93,33,18,32,84,14
11,52,67,33,45,14
89,63,82,27,23,14
23,67,13,91,19,14
40,28,92,83,38,14
63,57,38,53,84,14
24,13,30,53,98,14
38,25,32,72,23,14
55,50,49,12,10,14
39,79,27,87,27,14
46,79,37,78,22,15
71,58,86,70,50,15
87,54,48,39,99,15
75,37,79,85,24,15
71,22,98,67,19,15
28,73,70,32,73,15
21,48,73,80,31,15
53,87,11,63,91,15
45,73,95,95,53,15
31,76,65,22,21,15
39,24,27,10,89,15
51,75,69,97,65,15
82,31,93,97,63,15
99,16,53,48,66,15
15,57,92,12,93,15
85,74,50,53,85,15
92,51,54,89,18,15
75,86,90,20,32,15
49,81,50,80,61,15
52,22,39,49,79,15
52,68,89,69,13,15
14,98,56,29,98,15
42,76,58,21,82,15
80,33,74,71,78,15
29,52,49,80,86,15
32,91,51,85,55,15
94,75,38,42,64,15
77,23,56,19,65,15
48,30,76,44,11,15
97,91,91,93,50,15
43,10,57,60,36,16
12,98,78,21,70,16
24,77,77,24,15,16
71,51,49,28,70,16
94,67,77,12,93,16
25,13,79,17,20,16
11,55,12,60,88,16
70,55,87,59,58,16
46,48,82,18,74,16
88,96,76,78,23,16
50,77,21,46,27,16
52,19,88,54,51,16
54,30,69,48,25,16
76,25,21,20,18,16
48,75,82,24,74,16
68,37,94,93,50,16
28,12,39,10,75,16
91,40,10,25,17,16
85,59,63,87,18,16
30,87,25,61,13,16
41,29,28,38,11,16
85,31,86,45,65,16
15,99,46,29,68,16
91,22,13,33,28,16
53,78,77,69,45,16
67,92,80,45,55,16
92,34,33,35,61,16
16,32,49,71,97,16
96,57,73,97,62,16
77,14,51,21,81,16
50,51,60,51,88,17
38,83,23,40,38,17
75,57,52,70,63,17
60,25,95,59,81,17
35,95,56,31,24,17
86,85,55,21,85,17
60,56,57,42,29,17
14,84,29,99,43,17
26,80,98,53,24,17
97,81,97,58,56,17
85,68,70,34,63,17
16,83,38,60,27,17
57,62,26,32,21,17
99,67,24,13,27,17
27,81,58,66,17,17
54,16,24,90,11,17
34,87,86,65,97,17
15,24,35,33,17,17
80,28,26,85,30,17
66,18,50,87,90,17
75,20,72,66,77,17
44,58,69,18,52,17
52,28,84,96,85,17
27,36,88,66,22,17
38,11,79,55,48,17
25,85,80,76,53,17
57,92,79,33,64,17
48,21,20,99,42,17
76,38,61,71,84,17
24,23,37,71,27,17
22,54,61,76,18,18
43,70,34,26,49,18
58,20,50,80,57,18
59,91,22,26,56,18
94,66,76,47,37,18
86,45,21,36,25,18
80,71,89,52,82,18
14,35,33,49,60,18
20,96,84,19,15,18
79,20,10,20,38,18
86,28,18,95,63,18
32,35,14,60,12,18
74,84,97,51,14,18
86,77,59,54,59,18
99,23,60,30,82,18
26,21,14,90,55,18
69,47,37,61,75,18
39,80,84,15,83,18
21,38,84,55,19,18
39,30,15,78,25,18
53,35,89,48,93,18
65,51,78,67,54,18
68,43,40,76,80,18
61,20,63,52,49,18
95,11,18,42,79,18
81,86,34,64,67,18
14,72,21,80,48,18
87,40,25,99,84,18
35,80,38,36,66,18
34,33,78,87,91,18
29,39,55,54,14,19
23,56,91,72,76,19
96,71,99,57,52,19
67,43,90,85,37,19
53,92,46,40,49,19
63,78,37,71,31,19
41,97,39,28,27,19
89,48,87,16,20,19
76,14,41,26,69,19
58,33,57,96,95,19
51,95,54,93,74,19
63,39,88,50,65,19
50,12,90,83,18,19
46,72,23,57,93,19
66,24,45,65,71,19
51,62,27,66,98,19
55,57,16,16,92,19
59,81,24,13,56,19
81,82,10,22,96,19
21,36,86,69,24,19
19,45,23,93,61,19
63,44,10,59,53,19
48,76,78,37,47,19
69,29,43,97,69,19
23,80,66,21,27,19
69,95,62,87,55,19
51,99,41,32,17,19
78,60,63,26,80,19
57,43,73,49,59,19
38,52,13,14,79,19
13,58,53,62,45,20
70,72,50,64,38,20
46,99,96,45,26,20
80,50,13,54,98,20
30,88,57,92,54,20
18,49,75,34,89,20
79,86,71,22,93,20
55,82,93,33,68,20
31,85,47,72,51,20
84,71,68,38,74,20
51,46,88,53,12,20
22,36,62,44,26,20
28,18,69,67,37,20
27,26,10,99,31,20
85,10,49,30,10,20
84,21,36,94,95,20
64,39,40,43,20,20
92,43,50,11,76,20
83,87,42,91,77,20
44,47,57,91,89,20
25,31,83,59,62,20
89,55,74,53,76,20
63,37,80,82,49,20
21,20,10,88,21,20
82,12,76,30,71,20
84,96,83,11,31,20
38,46,29,79,97,20
18,60,86,25,63,20
41,60,39,41,72,20
13,94,53,44,14,20
74,13,54,68,19,21
47,41,90,60,57,21
60,13,14,48,47,21
32,46,75,89,19,21
83,62,11,69,49,21
18,32,17,69,26,21
39,23,21,71,68,21
33,92,27,40,66,21
87,45,28,41,80,21
82,37,70,11,21,21
43,96,97,12,47,21
26,16,60,87,46,21
97,98,19,74,86,21
54,35,24,39,45,21
48,70,75,80,13,21
15,87,88,49,87,21
77,54,72,83,61,21
78,53,89,77,56,21
30,85,42,45,38,21
17,78,18,54,26,21
18,94,88,32,68,21
91,98,12,67,92,21
28,68,10,67,49,21
33,16,28,73,11,21
99,18,77,42,38,21
23,52,64,16,10,21
74,41,26,47,77,21
44,64,96,54,57,21
97,28,27,93,26,21
80,91,11,29,21,21
44,52,41,25,56,22
49,49,72,49,33,22
70,40,41,33,77,22
70,47,36,54,44,22
82,83,58,45,49,22
47,56,60,17,53,22
84,79,51,58,96,22
74,87,37,87,47,22
64,57,31,22,71,22
29,94,12,91,37,22
86,30,72,23,62,22
44,96,39,96,57,22
87,13,66,56,27,22
55,89,32,10,93,22
59,36,20,66,56,22
19,52,86,16,82,22
61,67,28,52,20,22
80,42,89,25,67,22
70,34,88,72,97,22
57,55,62,74,27,22
37,16,70,46,18,22
83,57,18,96,55,22
78,65,62,61,18,22
32,98,79,99,54,22
96,74,30,10,19,22
41,95,35,97,10,22
80,96,12,41,77,22
26,43,97,28,43,22
22,75,91,83,49,22
86,20,69,50,40,22
99,78,12,70,97,23
78,70,71,73,58,23
55,25,70,54,65,23
53,56,25,90,67,23
18,80,14,30,36,23
78,30,63,14,20,23
73,97,16,15,62,23
95,54,75,38,78,23
10,58,99,85,28,23
98,86,50,29,68,23
42,79,80,16,63,23
74,45,98,50,79,23
82,46,59,15,99,23
50,23,77,72,73,23
96,82,76,39,11,23
96,47,87,55,60,23
42,45,36,11,29,23
50,37,92,81,45,23
66,54,38,82,85,23
53,78,46,18,11,23
90,17,67,26,99,23
92,55,57,24,56,23
42,23,82,30,13,23
84,18,92,57,13,23
93,68,65,43,64,23
95,95,28,84,94,23
35,59,66,42,43,23
36,45,70,94,15,23
39,47,21,36,75,23
59,90,51,95,55,23
50,15,59,20,13,24
15,94,61,78,31,24
59,26,36,49,54,24
50,66,59,80,63,24
73,55,77,52,43,24
90,71,54,57,52,24
92,60,12,62,70,24
25,77,81,94,93,24
72,95,85,85,67,24
88,67,76,32,88,24
28,94,22,53,15,24
64,39,10,78,59,24
61,31,59,53,60,24
90,73,55,21,75,24
38,66,92,62,99,24
33,36,56,14,13,24
14,42,55,35,61,24
79,30,98,40,12,24
47,99,27,88,49,24
32,37,92,14,35,24
23,57,61,28,12,24
33,31,96,90,88,24
44,55,17,45,78,24
46,42,43,73,44,24
95,34,90,51,63,24
18,97,44,64,70,24
46,81,64,87,58,24
46,99,12,20,42,24
26,47,27,90,84,24
93,11,11,14,68,24
20,48,18,31,40,25
29,11,67,33,90,25
93,39,17,32,18,25
87,82,78,53,27,25
51,62,84,79,22,25
59,83,29,70,99,25
35,23,68,97,16,25
78,20,56,30,53,25
31,63,44,93,25,25
61,40,85,56,98,25
42,86,64,44,41,25
82,96,17,31,14,25
84,69,99,13,76,25
57,24,63,66,80,25
58,62,51,88,55,25
64,36,38,23,32,25
60,10,21,36,34,25
56,93,99,23,11,25
32,20,29,43,92,25
38,34,89,50,24,25
16,81,62,15,48,25
14,88,44,10,67,25
84,29,42,71,22,25
21,76,22,63,10,25
88,51,13,65,66,25
98,32,86,12,80,25
94,67,73,23,83,25
45,74,83,34,14,25
45,22,64,19,40,25
49,23,63,75,48,25
56,43,41,41,19,26
47,76,32,66,69,26
58,10,61,64,36,26
50,60,27,17,28,26
96,12,21,93,76,26
75,87,99,71,38,26
62,84,58,85,66,26
60,36,36,58,93,26
90,92,76,63,99,26
15,92,99,93,20,26
98,48,76,43,59,26
81,37,92,66,55,26
74,68,48,84,63,26
51,17,83,23,38,26
80,71,23,65,72,26
47,34,39,91,71,26
51,32,78,18,37,26
61,65,62,20,12,26
88,80,81,65,24,26
21,97,42,75,66,26
31,20,53,92,98,26
88,15,34,57,29,26
77,75,70,75,84,26
61,22,19,72,17,26
59,84,97,70,91,26
20,90,52,84,49,26
52,21,87,91,37,26
62,51,84,16,89,26
40,66,27,19,50,26
83,93,40,51,48,26
37,24,45,35,30,27
47,86,89,21,59,27
31,64,64,65,83,27
52,67,60,51,51,27
86,60,55,78,75,27
93,60,54,97,53,27
20,21,66,38,36,27
54,94,12,54,17,27
16,25,33,40,54,27
33,32,25,49,99,27
11,22,99,83,62,27
73,29,10,94,24,27
92,24,77,73,24,27
86,86,93,23,53,27
70,14,79,14,45,27
76,60,68,68,92,27
43,71,89,20,30,27
41,96,12,51,78,27
73,53,51,61,96,27
45,48,50,48,21,27
31,21,52,25,97,27
40,98,51,26,48,27
98,40,19,58,64,27
35,46,18,70,61,27
19,91,37,15,76,27
64,71,12,38,96,27
42,14,19,87,77,27
76,48,29,45,54,27
17,49,77,87,83,27
59,24,90,56,77,27
64,15,15,36,63,28
14,70,91,90,68,28
92,97,89,13,52,28
31,70,25,23,77,28
86,92,44,31,69,28
77,28,45,82,80,28
46,68,21,39,18,28
49,20,66,55,68,28
68,78,53,34,91,28
94,17,40,31,83,28
47,86,45,42,86,28
53,11,53,19,98,28
91,89,74,28,37,28
53,49,14,56,82,28
60,69,42,62,61,28
51,99,53,25,45,28
70,83,89,27,29,28
23,65,12,63,59,28
93,56,35,64,77,28
57,98,26,52,23,28
66,20,36,98,86,28
84,73,99,68,68,28
96,91,45,98,92,28
97,23,82,73,29,28
11,94,84,15,76,28
86,42,50,28,35,28
29,18,23,55,17,28
26,79,94,14,67,28
97,43,32,57,55,28
64,71,32,11,72,28
36,17,93,25,29,29
81,82,17,54,32,29
78,22,49,71,33,29
97,73,95,60,94,29
49,62,98,30,99,29
45,32,61,52,48,29
28,41,88,12,47,29
97,92,93,51,44,29
73,84,20,60,86,29
57,50,21,19,74,29
53,35,94,44,67,29
77,45,90,12,61,29
59,96,81,95,61,29
24,14,28,97,61,29
19,53,74,56,84,29
94,95,41,38,78,29
45,21,88,90,54,29
97,22,26,99,99,29
94,35,41,94,25,29
86,79,56,97,47,29
35,94,87,82,14,29
96,89,13,27,17,29
75,63,18,14,86,29
72,18,17,61,65,29
73,68,20,42,17,29
35,91,32,56,14,29
94,79,53,80,88,29
37,13,69,95,44,29
76,82,38,48,74,29
91,21,95,38,26,29
86,38,30,36,53,30
38,49,16,98,18,30
51,45,73,85,93,30
36,53,38,82,86,30
90,82,65,87,54,30
63,26,22,69,99,30
37,12,79,98,96,30
99,54,36,41,55,30
19,39,61,23,11,30
23,12,92,52,79,30
44,85,17,68,40,30
69,22,48,46,46,30
53,87,53,14,89,30
86,15,30,99,84,30
51,76,25,53,21,30
81,70,31,96,73,30
53,77,64,10,55,30
82,52,88,26,23,30
96,52,48,76,49,30
86,32,87,55,31,30
47,73,77,15,11,30
22,56,30,34,80,30
88,34,84,47,78,30
88,69,75,82,53,30
54,31,94,86,36,30
65,40,10,80,71,30
70,79,35,40,42,30
64,32,10,56,75,30
38,89,35,13,29,30
40,45,70,93,44,30
74,18,86,33,32,31
35,90,37,37,12,31
39,50,43,37,92,31
60,78,89,88,76,31
15,10,55,57,19,31
38,19,28,59,43,31
99,89,38,46,52,31
72,21,94,67,46,31
16,27,16,94,78,31
11,52,48,52,23,31
94,54,92,15,82,31
75,52,58,18,84,31
61,42,92,44,40,31
80,88,99,82,94,31
70,98,54,36,23,31
15,15,11,34,66,31
41,64,72,28,99,31
65,85,56,92,59,31
25,20,34,96,61,31
10,63,77,19,31,31
65,33,40,78,67,31
57,64,83,84,23,31
64,96,92,59,17,31
93,67,41,27,27,31
68,20,54,75,24,31
94,50,10,74,68,31
22,54,49,17,72,31
78,37,31,15,43,31
16,43,79,71,75,31
32,83,62,98,84,31
40,48,72,56,74,32
68,55,73,24,62,32
38,19,86,16,51,32
36,31,48,66,43,32
15,38,37,85,98,32
26,83,38,88,66,32
29,90,81,77,29,32
86,33,13,83,60,32
58,52,19,47,33,32
77,43,99,91,93,32
25,31,78,81,66,32
72,60,56,52,11,32
93,85,38,76,94,32
78,35,81,18,24,32
70,70,37,94,30,32
48,77,60,84,48,32
77,94,61,15,36,32
68,69,33,67,10,32
27,14,14,96,16,32
57,24,30,91,24,32
31,91,20,52,62,32
11,11,64,75,74,32
83,69,36,19,79,32
50,46,61,99,41,32
11,57,74,19,82,32
91,38,59,86,48,32
33,13,72,25,65,32
19,61,59,14,89,32
33,75,17,16,72,32
83,42,77,21,46,32
91,76,57,46,46,33
17,17,76,83,88,33
96,25,85,84,38,33
70,55,23,59,63,33
74,78,50,10,47,33
88,21,48,61,24,33
39,93,69,97,35,33
39,91,28,81,42,33
50,63,84,28,96,33
71,61,22,14,40,33
17,18,40,84,15,33
91,45,77,73,28,33
58,37,64,92,39,33
45,64,17,63,65,33
55,24,75,13,56,33
83,74,95,71,53,33
16,58,63,94,80,33
18,13,73,56,49,33
98,63,56,77,72,33
59,13,13,72,85,33
91,82,51,45,64,33
10,90,12,56,75,33
37,53,45,45,18,33
76,92,14,98,60,33
56,27,23,57,68,33
65,55,64,39,81,33
32,97,77,15,94,33
25,85,75,56,22,33
54,62,71,58,57,33
12,78,66,49,73,33
77,33,74,75,56,34
87,16,59,61,71,34
83,49,99,89,17,34
24,12,40,13,61,34
34,39,41,31,13,34
45,27,48,82,53,34
78,61,13,82,30,34
32,95,38,88,36,34
78,52,67,54,17,34
19,58,49,86,91,34
44,75,73,20,52,34
92,22,64,22,86,34
63,48,78,93,45,34
39,82,47,60,40,34
78,59,44,22,49,34
39,19,58,38,58,34
90,92,23,67,16,34
95,57,99,94,62,34
56,19,23,27,38,34
25,91,33,79,76,34
84,61,80,69,55,34
40,13,65,30,52,34
50,26,98,44,21,34
86,88,68,51,90,34
78,89,44,29,74,34
98,80,83,15,28,34
15,87,14,29,63,34
46,71,60,51,19,34
24,47,75,16,48,34
50,16,11,10,92,34
59,77,30,84,22,35
70,59,27,87,81,35
28,85,13,69,46,35
79,61,74,51,33,35
48,99,80,58,20,35
78,37,76,38,61,35
26,27,98,11,27,35
73,73,40,15,50,35
26,99,41,85,26,35
42,53,33,11,80,35
82,30,27,38,80,35
62,11,62,46,52,35
48,17,29,23,63,35
32,78,93,83,93,35
80,33,89,66,58,35
68,77,39,17,31,35
37,65,34,32,82,35
86,13,74,85,10,35
43,63,60,19,39,35
49,54,13,66,38,35
50,95,21,57,24,35
99,64,59,22,19,35
59,35,94,42,15,35
42,46,66,22,97,35
40,20,90,18,99,35
76,12,79,52,16,35
62,10,53,85,85,35
40,20,13,94,98,35
99,15,34,41,11,35
95,86,18,61,28,35
47,74,18,74,14,36
62,50,56,72,75,36
29,69,77,32,76,36
14,39,94,27,60,36
89,62,97,24,23,36
76,58,50,82,70,36
41,30,34,37,30,36
97,68,96,31,92,36
51,91,80,18,52,36
35,53,24,29,90,36
11,59,59,30,15,36
93,45,49,41,83,36
75,39,78,81,51,36
66,94,79,80,89,36
60,74,13,67,84,36
78,70,49,48,47,36
75,47,64,27,78,36
39,62,24,76,60,36
55,24,65,37,77,36
58,28,92,96,54,36
40,45,21,64,42,36
38,44,57,26,16,36
20,41,59,20,82,36
19,18,61,45,44,36
67,28,73,19,60,36
42,85,57,95,26,36
87,52,87,88,35,36
64,93,11,38,61,36
14,66,12,53,33,36
98,68,99,96,43,36
90,67,70,76,34,37
79,38,85,19,65,37
47,48,70,45,43,37
92,88,79,96,87,37
77,30,40,16,83,37
30,31,51,18,44,37
34,28,12,89,19,37
28,76,99,74,10,37
29,93,13,82,53,37
45,39,95,82,49,37
52,97,31,37,32,37
84,25,26,86,73,37
11,88,21,44,36,37
27,47,96,23,22,37
26,60,92,76,69,37
31,95,94,51,87,37
31,37,43,57,23,37
67,61,51,92,91,37
95,72,29,20,55,37
70,49,28,82,22,37
85,49,39,39,16,37
66,70,32,36,77,37
17,18,49,59,91,37
91,94,66,69,97,37
55,98,80,59,78,37
20,56,46,28,77,37
19,43,57,50,30,37
62,24,40,70,32,37
64,96,60,12,87,37
90,41,75,23,14,37
27,35,24,50,83,38
41,96,91,85,80,38
20,65,97,29,47,38
65,73,30,83,41,38
90,53,27,31,97,38
77,50,28,79,86,38
80,98,86,35,34,38
25,57,18,10,19,38
61,80,48,53,53,38
80,79,73,18,25,38
19,39,97,49,23,38
17,27,59,91,47,38
44,34,68,96,79,38
77,50,88,41,83,38
28,71,73,25,97,38
66,63,31,30,42,38
20,10,84,28,13,38
34,30,82,47,50,38
83,50,30,35,38,38
70,84,62,97,13,38
33,41,39,88,37,38
73,89,87,30,42,38
24,61,61,37,55,38
71,15,18,49,76,38
30,83,78,89,32,38
56,15,32,67,20,38
49,50,95,46,83,38
55,75,87,42,46,38
36,80,87,36,78,38
22,36,62,36,42,38
52,13,13,59,77,39
22,94,28,65,19,39
71,32,42,84,10,39
72,57,41,98,83,39
84,32,97,34,69,39
48,93,85,93,96,39
43,61,46,98,42,39
73,36,25,45,75,39
85,73,12,25,28,39
48,94,62,94,51,39
64,60,75,34,12,39
28,52,53,10,95,39
75,19,80,77,77,39
72,52,91,41,91,39
75,99,86,55,60,39
91,45,10,27,97,39
54,84,37,51,52,39
32,64,75,54,88,39
89,96,42,44,24,39
92,32,82,35,97,39
14,59,62,73,88,39
32,21,31,88,96,39
42,64,94,95,15,39
99,22,28,39,84,39
44,50,48,55,85,39
47,67,23,99,85,39
60,27,99,27,73,39
87,40,63,38,20,39
11,62,12,31,65,39
38,45,17,58,25,39
36,89,38,58,16,40
70,32,49,89,84,40
22,36,90,79,16,40
40,22,92,49,45,40
20,22,30,92,37,40
64,94,21,45,55,40
31,25,64,68,65,40
80,76,11,69,42,40
53,91,71,96,46,40
66,88,22,91,86,40
16,29,16,23,44,40
19,19,81,28,85,40
26,52,31,12,85,40
68,74,17,40,57,40
46,63,86,55,94,40
66,56,99,24,17,40
93,10,41,57,74,40
37,41,71,22,61,40
16,50,32,33,59,40
48,69,87,66,65,40
29,69,24,55,79,40
82,39,39,95,17,40
35,36,44,16,79,40
39,52,61,52,39,40
64,97,23,23,85,40
15,66,84,92,27,40
95,15,20,99,96,40
33,74,30,57,81,40
72,25,15,99,87,40
38,77,13,73,24,40
37,25,54,24,85,41
64,56,66,35,78,41
86,59,10,30,85,41
16,96,82,51,96,41
82,15,93,68,12,41
34,30,43,71,59,41
62,75,45,22,47,41
33,20,43,97,70,41
80,45,57,70,31,41
74,34,49,53,37,41
86,38,21,66,86,41
21,30,61,89,29,41
81,56,49,17,84,41
31,32,52,92,51,41
29,64,11,12,67,41
95,94,22,91,55,41
71,44,78,87,52,41
15,30,81,31,60,41
45,38,61,91,37,41
60,43,59,25,99,41
61,87,11,23,67,41
33,56,39,83,42,41
59,69,80,91,19,41
56,37,60,61,38,41
48,33,11,88,12,41
97,17,70,30,39,41
60,37,45,62,75,41
97,17,21,66,67,41
47,95,77,82,19,41
33,17,60,73,28,41
25,97,93,33,84,42
15,19,85,48,12,42
91,37,93,63,39,42
78,80,37,53,57,42
86,38,94,83,98,42
90,46,64,69,12,42
13,24,50,10,92,42
61,33,99,44,35,42
32,59,65,33,41,42
56,86,64,97,77,42
12,52,29,91,23,42
76,70,70,58,76,42
80,16,64,94,48,42
14,94,96,74,95,42
50,98,59,63,78,42
17,24,63,97,36,42
90,48,38,92,68,42
53,71,33,30,29,42
78,63,91,15,13,42
78,90,64,54,49,42
11,69,50,59,38,42
87,63,47,65,62,42
69,85,60,79,42,42
76,10,42,42,57,42
48,34,73,78,72,42
95,42,77,36,90,42
46,39,50,85,16,42
10,14,71,74,52,42
70,78,15,33,93,42
89,20,91,38,46,42
48,79,73,86,61,43
54,76,81,15,64,43
22,95,98,92,26,43
88,42,42,93,57,43
61,54,76,88,88,43
97,29,62,35,51,43
54,67,46,29,43,43
97,30,49,63,57,43
14,90,16,76,82,43
48,29,25,71,37,43
42,56,70,38,42,43
92,94,59,38,82,43
58,88,20,77,51,43
63,32,74,88,84,43
46,45,39,17,15,43
65,68,75,97,44,43
44,39,99,94,53,43
90,40,36,16,83,43
83,89,98,39,88,43
23,38,67,71,84,43
83,69,48,60,95,43
78,88,76,16,20,43
48,88,32,16,98,43
97,14,18,78,29,43
85,61,87,81,66,43
92,64,56,42,43,43
26,27,28,97,19,43
65,59,34,11,33,43
66,64,53,72,39,43
50,98,52,41,43,43
33,77,78,87,19,44
82,86,14,81,15,44
38,15,80,21,40,44
25,15,39,16,60,44
25,23,17,90,46,44
43,77,25,63,57,44
24,38,22,66,69,44
98,15,38,21,66,44
97,42,61,44,46,44
17,50,85,52,71,44
92,46,49,68,42,44
17,51,79,49,89,44
76,66,81,71,14,44
28,36,86,85,98,44
90,75,79,14,59,44
20,22,64,58,42,44
19,86,75,84,18,44
33,61,24,81,79,44
15,70,79,41,29,44
19,73,92,18,59,44
75,58,84,75,43,44
40,43,23,55,15,44
76,99,76,48,62,44
56,66,13,38,54,44
52,25,33,72,36,44
35,11,38,79,22,44
70,29,52,82,86,44
67,59,79,77,54,44
28,20,72,79,53,44
67,77,69,12,88,44
24,21,93,94,37,45
55,99,12,76,36,45
13,81,19,94,66,45
56,26,17,19,21,45
56,60,29,21,89,45
69,86,60,40,78,45
33,46,46,21,50,45
22,64,62,16,40,45
44,64,98,51,93,45
25,19,65,66,97,45
40,15,20,43,49,45
15,64,17,54,80,45
91,39,76,91,78,45
55,27,90,87,43,45
72,27,17,62,47,45
18,43,10,73,16,45
16,15,86,14,18,45
21,88,33,26,65,45
72,47,19,52,65,45
98,44,13,26,12,45
93,53,37,85,21,45
12,77,21,39,11,45
21,77,33,61,52,45
30,59,28,37,87,45
92,53,73,35,89,45
97,35,89,84,19,45
87,50,76,54,75,45
18,35,87,31,84,45
76,93,34,90,45,45
65,47,51,91,58,45
69,22,57,54,62,46
89,58,97,52,44,46
53,84,67,69,73,46
47,86,60,57,54,46
67,37,41,94,72,46
50,70,35,59,93,46
98,40,53,21,97,46
41,19,71,31,55,46
37,61,16,28,54,46
84,42,80,89,87,46
10,57,35,18,57,46
94,32,23,42,81,46
24,20,34,88,37,46
45,33,21,40,99,46
91,72,98,54,59,46
29,33,41,14,10,46
61,21,73,60,94,46
48,40,10,72,84,46
50,41,86,66,38,46
10,85,73,91,38,46
49,40,99,82,95,46
32,69,26,63,85,46
46,40,11,20,82,46
38,61,92,36,24,46
13,78,74,76,40,46
64,15,32,61,86,46
54,55,87,21,43,46
82,86,23,20,51,46
91,53,81,28,85,46
50,81,53,65,15,46
56,95,24,99,10,47
73,83,68,49,56,47
82,89,33,64,45,47
13,61,85,48,28,47
41,48,77,65,44,47
51,50,38,49,25,47
50,89,22,35,25,47
63,37,73,40,70,47
22,83,98,57,76,47
11,64,32,19,90,47
74,59,77,17,51,47
54,60,25,84,76,47
34,19,36,60,63,47
50,56,95,87,57,47
53,19,45,94,88,47
91,57,20,43,61,47
69,71,81,34,66,47
81,42,73,45,62,47
26,61,72,29,70,47
64,14,67,11,36,47
44,44,29,94,46,47
81,92,75,97,12,47
44,32,57,24,57,47
51,16,46,75,92,47
81,98,24,43,79,47
95,33,65,21,67,47
46,47,38,60,90,47
21,31,65,29,52,47
10,77,52,83,72,47
10,94,48,41,28,47
19,10,71,44,30,48
39,98,13,75,69,48
51,80,36,82,40,48
24,12,87,19,67,48
76,60,26,91,51,48
58,79,71,97,93,48
37,68,13,30,89,48
93,97,49,64,77,48
89,99,62,62,92,48
77,22,15,64,23,48
27,15,54,44,89,48
94,51,31,22,68,48
82,53,55,85,46,48
12,34,39,58,31,48
97,30,22,69,18,48
58,88,26,21,17,48
44,24,96,38,11,48
51,59,70,32,45,48
37,41,10,84,56,48
87,54,53,44,72,48
39,16,81,78,54,48
28,23,45,42,26,48
69,50,33,63,79,48
88,12,21,55,83,48
43,67,39,77,48,48
62,63,46,49,42,48
29,45,25,35,51,48
56,27,32,60,89,48
39,84,28,34,79,48
69,49,88,91,10,48
19,59,90,86,93,49
17,92,37,46,72,49
20,26,35,26,93,49
95,99,39,60,80,49
81,11,48,42,89,49
17,47,65,77,49,49
48,36,11,92,50,49
80,73,45,19,92,49
45,10,74,49,59,49
14,97,75,19,28,49
68,98,40,88,50,49
87,82,97,34,39,49
17,59,21,98,12,49
75,54,45,58,76,49
57,19,36,72,16,49
68,52,69,55,63,49
63,59,67,56,12,49
99,71,37,76,23,49
39,76,33,69,47,49
25,93,85,36,43,49
21,41,80,34,56,49
57,77,19,93,61,49
56,57,53,46,90,49
39,27,53,78,80,49
22,91,30,24,64,49
17,89,47,59,60,49
98,72,62,97,38,49
43,58,53,21,51,49
27,92,10,91,41,49
78,82,51,23,14,49
95,45,31,79,81,50
11,12,18,15,50,50
48,32,31,52,59,50
77,73,65,13,63,50
63,69,22,10,55,50
88,47,23,47,63,50
54,77,68,51,64,50
18,72,75,66,38,50
96,86,51,76,45,50
67,13,27,97,92,50
52,42,84,58,59,50
96,86,80,84,63,50
27,41,70,49,32,50
35,51,59,75,23,50
32,22,48,82,69,50
11,15,23,30,11,50
23,38,10,38,52,50
96,81,89,16,54,50
29,61,12,41,45,50
51,60,92,68,82,50
21,52,14,71,30,50
12,57,58,92,56,50
37,10,85,34,43,50
12,19,68,27,61,50
23,46,75,69,84,50
42,82,47,82,64,50
90,52,16,46,92,50
54,99,49,45,67,50
81,13,51,11,71,50
19,64,83,22,29,50
59,87,40,41,64,51
38,17,24,16,29,51
59,45,96,64,72,51
42,81,13,57,89,51
19,41,80,99,13,51
53,21,32,88,68,51
22,29,85,39,67,51
42,31,46,22,34,51
68,67,35,19,53,51
80,43,21,11,19,51
59,74,27,46,29,51
36,56,15,19,17,51
28,40,71,95,62,51
28,99,78,73,90,51
92,23,91,82,12,51
81,94,39,11,59,51
57,18,66,56,44,51
10,98,89,84,56,51
44,13,70,16,71,51
66,24,34,90,93,51
11,66,28,89,62,51
54,99,88,30,87,51
36,93,67,61,15,51
74,27,81,67,54,51
80,17,12,52,77,51
99,50,34,89,72,51
30,54,97,49,75,51
51,91,51,24,58,51
48,99,56,79,68,51
90,74,62,92,12,51
53,32,86,65,28,52
65,51,46,93,34,52
78,79,33,62,65,52
67,46,16,20,93,52
32,29,64,26,14,52
48,28,74,18,76,52
99,82,99,70,81,52
50,15,20,62,68,52
93,40,47,15,73,52
11,37,68,18,36,52
45,40,96,61,62,52
24,41,28,32,59,52
21,41,45,37,88,52
43,55,90,62,81,52
48,74,63,25,33,52
16,15,27,51,10,52
43,33,90,38,96,52
22,73,46,36,13,52
49,64,21,47,28,52
33,60,10,27,33,52
44,35,42,66,81,52
21,77,71,60,32,52
29,27,12,57,19,52
14,26,92,64,15,52
31,19,80,72,53,52
10,57,94,17,36,52
70,83,84,18,91,52
30,82,40,16,39,52
53,62,50,24,95,52
92,33,16,54,26,52
14,91,93,61,77,53
19,85,22,67,44,53
56,88,55,83,29,53
37,45,51,12,81,53
25,72,97,52,96,53
39,38,52,79,73,53
95,23,86,20,80,53
31,13,97,95,58,53
49,44,29,78,11,53
94,54,54,88,69,53
58,28,44,17,23,53
73,72,43,17,20,53
32,51,79,61,32,53
90,55,92,83,46,53
44,98,67,39,66,53
83,55,45,34,12,53
90,56,15,23,22,53
76,76,11,58,74,53
95,89,40,97,33,53
58,56,79,23,92,53
36,33,90,91,93,53
77,65,88,66,22,53
49,30,20,71,24,53
21,10,74,54,18,53
42,71,41,26,61,53
92,18,81,93,88,53
40,57,72,77,56,53
11,17,17,71,80,53
79,25,28,51,81,53
68,88,80,17,15,53
21,27,65,15,13,54
18,71,82,69,34,54
44,86,88,80,13,54
14,77,61,18,57,54
22,53,22,23,71,54
93,18,38,27,28,54
79,81,11,20,56,54
17,86,96,95,13,54
49,24,80,17,55,54
60,30,38,62,67,54
98,50,15,23,69,54
16,38,27,37,80,54
82,24,55,64,78,54
63,35,86,23,50,54
35,76,76,34,67,54
37,34,74,12,55,54
70,35,65,92,80,54
12,92,73,50,20,54
24,45,95,50,24,54
60,56,26,49,67,54
93,21,46,13,32,54
33,12,76,87,70,54
28,98,94,22,70,54
53,51,58,62,93,54
90,55,87,47,93,54
26,83,98,32,56,54
64,10,93,25,53,54
90,82,65,76,67,54
57,25,42,78,43,54
10,11,59,11,68,54
56,21,46,69,61,55
98,78,34,71,97,55
21,46,91,18,61,55
13,33,40,24,41,55
78,34,85,96,77,55
82,18,65,24,30,55
29,60,76,37,47,55
73,94,57,76,42,55
32,23,35,39,94,55
85,31,73,16,71,55
54,13,48,78,95,55
79,20,13,88,25,55
18,66,13,94,49,55
65,29,43,81,56,55
11,78,59,85,99,55
34,91,65,86,80,55
59,69,33,46,49,55
10,13,62,32,81,55
40,21,83,38,77,55
17,41,39,50,52,55
32,83,48,98,40,55
14,93,26,47,32,55
65,42,16,28,80,55
58,34,27,11,69,55
89,42,68,10,78,55
85,91,56,71,89,55
61,83,18,76,72,55
87,23,89,98,75,55
78,88,72,97,24,55
58,43,25,30,13,55
35,80,38,53,92,56
63,20,93,30,48,56
93,92,36,46,53,56
65,16,42,19,60,56
25,77,68,73,80,56
83,42,80,96,33,56
26,49,94,49,15,56
16,21,87,71,70,56
89,33,15,60,48,56
87,29,52,88,82,56
50,61,48,85,99,56
54,96,19,67,10,56
33,37,59,20,50,56
59,97,35,36,67,56
36,86,44,87,18,56
84,95,41,16,15,56
12,71,89,26,71,56
31,32,23,26,42,56
24,81,42,89,48,56
77,15,56,73,96,56
24,82,62,72,63,56
72,30,93,86,17,56
59,41,90,97,97,56
33,12,99,90,48,56
14,62,28,49,82,56
77,72,78,87,20,56
23,92,29,13,76,56
64,51,91,41,49,56
33,43,68,49,69,56
61,95,63,81,64,56
19,59,10,13,22,57
59,37,75,98,57,57
81,99,36,76,63,57
35,82,17,73,22,57
67,91,12,38,55,57
63,23,64,82,80,57
43,82,81,58,55,57
42,16,90,11,95,57
43,99,86,93,18,57
34,40,53,14,49,57
99,64,23,85,25,57
87,93,15,90,85,57
32,57,20,88,79,57
96,80,60,24,45,57
43,75,11,62,99,57
96,28,41,49,34,57
34,71,40,59,14,57
47,42,95,56,66,57
79,20,71,37,76,57
12,89,71,67,60,57
19,83,65,94,46,57
43,29,48,88,19,57
94,58,82,19,56,57
43,66,27,90,15,57
16,21,44,73,41,57
64,16,92,71,53,57
81,77,93,76,47,57
54,25,42,21,24,57
11,82,12,43,62,57
65,50,93,68,11,57
90,83,53,64,29,58
71,19,88,81,12,58
48,80,23,76,40,58
73,42,38,35,73,58
69,44,70,93,56,58
39,88,56,75,75,58
34,72,86,21,73,58
43,99,12,91,68,58
93,46,94,43,72,58
51,16,10,62,69,58
84,87,28,47,41,58
57,71,89,44,42,58
67,69,64,78,69,58
91,74,76,13,11,58
32,13,93,82,24,58
78,47,20,14,54,58
24,89,15,27,14,58
25,85,86,77,33,58
96,85,62,39,40,58
52,67,70,15,12,58
81,34,44,80,86,58
45,92,73,22,89,58
79,77,40,20,10,58
16,99,87,87,64,58
86,59,28,77,31,58
59,92,28,82,43,58
93,26,97,77,77,58
97,45,88,21,80,58
17,70,85,37,58,58
52,25,69,36,24,58
42,83,97,58,83,59
94,86,86,18,28,59
28,42,63,87,52,59
40,14,73,49,89,59
70,41,83,38,34,59
38,87,91,58,21,59
53,14,61,12,87,59
93,97,74,16,20,59
32,56,55,84,88,59
68,60,71,64,20,59
57,87,57,64,94,59
86,49,17,27,44,59
55,36,26,13,21,59
33,57,35,70,76,59
70,69,99,95,51,59
34,51,16,44,54,59
89,33,37,89,32,59
50,23,83,52,55,59
53,77,45,44,98,59
47,43,61,51,86,59
46,75,72,30,84,59
82,45,53,26,99,59
17,50,51,88,14,59
64,33,15,90,47,59
66,59,71,70,44,59
95,19,16,91,67,59
35,70,79,61,18,59
37,30,57,45,17,59
24,90,51,13,95,59
15,66,20,40,88,59
81,25,73,51,63,60
16,15,75,39,77,60
56,77,68,75,98,60
43,39,72,49,76,60
68,55,62,83,30,60
30,72,25,87,75,60
99,76,89,36,47,60
57,11,17,21,51,60
73,72,76,46,79,60
36,61,76,87,24,60
44,44,54,12,71,60
22,83,26,31,13,60
60,34,62,15,40,60
27,77,97,59,43,60
65,38,46,89,65,60
57,97,50,44,55,60
39,89,50,21,64,60
80,74,50,29,61,60
93,92,63,70,53,60
65,62,51,23,46,60
91,57,54,96,80,60
78,51,93,32,48,60
95,90,71,29,63,60
25,36,35,47,80,60
15,54,56,53,54,60
87,46,89,36,64,60
96,63,70,14,96,60
10,26,35,68,92,60
58,59,88,97,37,60
88,37,10,37,97,60
42,41,92,46,12,61
15,75,34,89,79,61
76,85,31,63,14,61
28,49,27,10,76,61
31,33,20,14,37,61
52,75,30,37,80,61
34,66,48,49,68,61
53,52,43,15,75,61
71,44,98,84,66,61
71,33,64,45,30,61
60,63,56,58,51,61
63,17,42,75,82,61
13,78,38,73,61,61
64,33,42,96,78,61
46,12,61,79,38,61
69,46,74,63,76,61
18,82,68,29,58,61
65,95,49,20,40,61
73,47,58,10,83,61
11,65,74,96,47,61
21,67,29,26,17,61
23,39,63,56,10,61
59,84,48,65,71,61
80,59,93,34,22,61
59,79,25,29,60,61
17,82,32,99,28,61
32,12,50,35,40,61
32,32,66,75,58,61
27,85,20,72,70,61
98,63,53,84,17,61
64,60,86,19,93,62
40,49,94,73,13,62
40,75,66,14,22,62
58,15,84,52,65,62
12,83,12,84,49,62
71,36,32,60,94,62
39,27,61,43,67,62
54,12,33,65,99,62
80,74,81,78,41,62
62,60,96,23,15,62
30,63,11,92,63,62
87,24,15,27,91,62
84,50,50,30,89,62
28,85,64,97,57,62
15,75,30,68,27,62
72,97,35,91,37,62
93,94,55,21,81,62
83,23,60,15,57,62
79,32,99,67,50,62
35,79,15,47,56,62
78,84,61,37,52,62
44,60,83,78,20,62
91,10,43,99,21,62
94,93,46,68,55,62
23,83,88,86,59,62
66,43,29,17,75,62
44,63,51,35,36,62
93,37,58,99,63,62
58,87,72,89,12,62
53,28,38,32,32,62
19,68,23,76,33,63
23,15,25,43,76,63
46,69,59,24,67,63
53,45,19,23,75,63
33,34,82,88,95,63
79,32,28,94,72,63
13,12,70,69,53,63
85,56,64,54,64,63
68,80,79,22,49,63
18,55,20,50,76,63
10,73,25,80,42,63
34,80,62,56,11,63
71,22,57,62,99,63
47,90,97,54,40,63
96,43,55,63,43,63
21,95,12,44,78,63
94,35,50,14,45,63
84,92,71,25,69,63
34,31,11,86,24,63
38,53,87,22,86,63
51,54,93,89,92,63
82,86,34,99,14,63
80,18,56,84,33,63
16,51,36,91,64,63
52,28,93,96,71,63
73,43,99,97,96,63
78,31,58,20,41,63
82,43,30,65,29,63
98,66,96,90,97,63
56,69,97,47,91,63
16,23,18,42,14,64
86,22,67,28,72,64
14,12,85,17,10,64
13,63,24,75,24,64
88,44,32,39,35,64
56,84,78,35,15,64
26,88,77,68,52,64
22,97,29,75,71,64
59,68,54,76,31,64
70,24,97,57,35,64
46,23,82,92,52,64
58,39,97,18,11,64
90,52,68,73,54,64
82,25,91,78,42,64
49,90,42,11,11,64
18,90,16,82,70,64
85,74,94,65,83,64
34,36,66,24,80,64
36,48,69,78,78,64
20,34,32,76,64,64
82,73,45,54,21,64
68,75,26,67,10,64
53,61,46,64,37,64
38,82,98,35,34,64
34,58,84,69,61,64
65,72,98,84,28,64
71,33,27,21,55,64
48,95,69,34,99,64
77,97,36,44,81,64
95,30,49,53,88,64
81,94,75,11,11,65
70,14,75,59,68,65
75,86,21,69,26,65
79,51,51,35,39,65
98,85,66,13,60,65
18,80,87,11,91,65
71,89,48,15,62,65
15,10,68,44,53,65
29,19,45,57,52,65
46,98,98,95,17,65
28,13,10,49,24,65
65,86,95,44,52,65
80,83,73,52,85,65
22,51,66,68,29,65
67,48,80,53,60,65
29,50,75,88,29,65
48,27,91,50,95,65
21,18,91,77,66,65
92,14,33,34,10,65
50,48,63,14,28,65
35,33,87,26,39,65
47,96,41,99,66,65
50,63,78,51,66,65
64,78,17,28,10,65
26,77,35,57,68,65
57,71,54,76,81,65
80,58,70,24,83,65
98,40,55,92,36,65
35,83,24,87,14,65
88,59,53,57,37,65
24,98,10,44,17,66
16,10,86,16,95,66
47,82,31,19,49,66
94,46,14,15,90,66
38,83,86,76,65,66
55,23,61,79,52,66
41,88,94,47,65,66
39,68,66,88,96,66
51,13,32,89,70,66
78,33,14,26,32,66
13,59,57,53,87,66
13,59,13,90,21,66
49,85,34,53,28,66
12,11,78,62,46,66
12,71,22,51,21,66
71,99,87,95,86,66
95,80,26,52,88,66
93,76,25,32,33,66
92,33,64,30,26,66
88,76,10,69,84,66
89,88,68,12,67,66
89,63,23,77,40,66
74,38,59,72,79,66
68,66,66,53,40,66
43,49,16,79,58,66
12,92,87,68,74,66
27,14,66,30,91,66
17,27,82,72,56,66
37,88,26,26,76,66
93,71,28,67,68,66
33,68,26,90,18,67
73,26,55,58,31,67
33,24,48,89,32,67
66,83,71,92,90,67
54,57,21,28,47,67
84,26,57,11,65,67
60,43,48,67,97,67
53,21,40,53,48,67
31,95,91,71,47,67
21,70,30,93,52,67
99,68,60,18,47,67
93,20,59,42,94,67
67,83,35,86,47,67
67,28,19,85,32,67
81,88,82,26,22,67
59,89,34,55,81,67
32,76,88,96,90,67
75,99,48,62,60,67
82,52,37,56,66,67
56,37,12,20,71,67
62,13,21,58,32,67
46,53,17,32,10,67
75,49,96,11,64,67
57,97,26,20,94,67
44,77,77,22,28,67
60,89,28,38,35,67
83,16,27,52,55,67
44,13,26,84,19,67
67,28,84,56,51,67
55,78,59,83,91,67
16,79,34,90,29,68
26,90,94,62,94,68
52,99,42,42,92,68
64,97,19,73,16,68
67,51,51,56,71,68
42,51,23,85,32,68
97,41,28,75,12,68
71,83,73,74,42,68
57,94,72,25,36,68
39,96,69,62,31,68
79,86,97,57,39,68
98,71,18,38,87,68
43,15,77,47,94,68
73,43,47,10,58,68
55,47,26,27,36,68
20,43,97,59,49,68
22,84,53,76,83,68
91,66,88,10,68,68
55,90,38,42,60,68
15,53,27,65,27,68
92,17,70,45,46,68
72,81,26,19,24,68
17,29,66,80,87,68
88,95,16,33,27,68
28,63,53,81,29,68
11,65,70,35,73,68
28,76,83,42,13,68
97,13,43,81,80,68
25,56,96,83,34,68
29,36,56,14,79,68
57,86,96,52,56,69
40,21,58,75,44,69
72,74,42,95,95,69
26,12,29,34,50,69
88,98,43,40,36,69
58,59,95,93,50,69
33,23,21,46,64,69
51,93,90,10,10,69
72,39,67,28,73,69
68,20,11,64,76,69
10,26,17,13,11,69
26,37,12,41,97,69
38,35,34,13,62,69
91,17,40,44,64,69
45,53,18,71,93,69
89,95,97,72,62,69
52,99,77,11,19,69
91,45,54,33,87,69
90,37,37,22,37,69
16,45,36,32,41,69
95,41,48,14,59,69
13,22,65,79,78,69
21,34,31,15,92,69
68,58,14,69,93,69
22,31,24,10,44,69
22,12,53,21,22,69
32,13,44,66,50,69
28,59,83,67,88,69
73,76,45,19,22,69
52,31,53,45,57,69
88,56,98,22,82,70
50,46,94,35,94,70
67,53,54,49,31,70
92,80,65,11,54,70
39,36,25,49,42,70
36,96,75,54,54,70
11,95,50,19,76,70
53,43,10,97,38,70
86,46,45,43,99,70
20,59,93,90,92,70
46,25,69,26,14,70
11,20,97,81,54,70
51,59,68,83,79,70
25,31,80,62,16,70
42,98,94,41,96,70
14,26,77,82,48,70
59,41,93,31,40,70
62,16,79,13,31,70
59,76,45,19,80,70
11,57,12,60,59,70
32,77,56,59,59,70
85,14,16,91,35,70
79,25,59,27,78,70
99,64,55,84,27,70
85,59,84,58,74,70
82,28,65,62,27,70
31,94,63,54,38,70
33,18,68,32,96,70
45,72,61,61,94,70
62,41,12,31,68,70
38,57,27,57,50,71
20,82,78,81,82,71
34,36,38,75,37,71
93,40,87,62,54,71
54,74,78,75,43,71
67,83,18,35,76,71
32,33,65,38,46,71
50,64,48,43,49,71
86,68,82,96,89,71
49,94,23,49,27,71
92,24,61,27,89,71
37,13,50,41,84,71
44,77,96,32,75,71
19,95,68,33,50,71
67,20,74,84,24,71
26,83,94,96,89,71
22,32,87,91,20,71
66,68,70,16,29,71
81,43,88,16,91,71
52,19,58,68,51,71
86,45,80,35,52,71
90,60,60,13,81,71
62,35,13,90,66,71
36,14,52,75,25,71
72,44,64,27,12,71
48,56,70,69,28,71
94,31,28,24,49,71
89,31,14,95,17,71
94,21,71,61,36,71
12,84,93,62,80,71
44,18,93,46,36,72
48,29,59,77,97,72
60,79,73,80,66,72
59,57,42,96,13,72
48,48,80,51,19,72
74,24,59,93,84,72
92,62,74,75,88,72
56,42,27,89,53,72
94,60,41,31,23,72
98,41,71,86,83,72
20,53,97,45,28,72
88,59,62,36,75,72
25,42,99,49,55,72
29,23,66,99,96,72
41,89,31,29,41,72
84,55,51,61,26,72
96,10,86,63,28,72
97,64,73,76,40,72
23,73,84,52,24,72
84,20,14,19,65,72
35,60,63,47,82,72
52,34,54,25,95,72
80,47,66,25,34,72
61,79,83,18,85,72
88,83,98,97,39,72
11,71,90,61,46,72
99,51,26,37,88,72
56,61,85,91,73,72
44,12,55,61,43,72
45,42,83,28,38,72
82,87,10,40,53,73
73,99,31,82,23,73
50,85,79,91,46,73
94,80,33,57,57,73
55,61,33,62,87,73
96,10,10,10,56,73
92,74,62,54,10,73
28,30,76,60,63,73
10,21,55,98,32,73
68,18,16,23,31,73
30,64,56,80,77,73
20,74,75,41,92,73
45,75,36,32,96,73
86,80,54,88,51,73
95,62,10,60,57,73
32,22,57,56,59,73
89,26,45,60,10,73
12,42,80,39,61,73
43,31,44,22,55,73
99,80,91,98,50,73
72,74,11,60,73,73
83,36,57,52,21,73
27,23,70,33,98,73
68,78,72,74,65,73
82,37,92,23,94,73
35,39,55,34,58,73
22,64,29,13,95,73
32,52,27,44,53,73
34,15,77,91,40,73
71,60,64,82,38,73
97,64,23,41,69,74
83,98,57,29,84,74
68,87,78,59,34,74
22,63,38,14,55,74
79,17,26,24,52,74
27,48,73,93,97,74
72,22,99,67,77,74
61,74,13,88,25,74
15,37,29,91,22,74
74,10,83,54,20,74
14,97,15,59,55,74
25,88,77,46,46,74
20,84,42,50,16,74
61,67,46,18,71,74
14,63,12,13,90,74
89,58,42,92,35,74
13,84,41,85,76,74
80,94,88,43,58,74
89,35,35,12,49,74
46,82,71,24,33,74
44,65,41,81,73,74
24,60,99,99,12,74
42,28,35,67,63,74
97,31,76,21,97,74
62,50,80,92,34,74
36,80,32,99,45,74
64,50,99,78,66,74
25,73,41,23,57,74
98,75,78,21,45,74
85,26,49,32,80,74
12,28,76,93,51,75
59,13,46,31,44,75
28,42,64,62,53,75
87,96,91,95,36,75
59,61,76,31,23,75
70,15,67,18,69,75
13,45,91,82,89,75
61,83,96,84,43,75
74,55,11,72,14,75
60,75,21,48,58,75
90,33,61,82,23,75
39,28,82,50,17,75
72,80,89,82,36,75
91,84,17,38,12,75
71,19,73,36,35,75
88,40,28,23,89,75
42,54,76,15,41,75
60,78,48,78,20,75
83,45,74,15,71,75
79,57,94,91,51,75
91,40,23,59,18,75
75,94,83,67,52,75
15,75,51,24,31,75
30,70,48,34,56,75
28,58,59,16,60,75
39,39,83,17,87,75
41,90,25,89,95,75
89,32,14,24,94,75
43,21,37,84,21,75
27,11,33,51,39,75
11,85,24,27,40,76
64,34,10,65,37,76
29,87,44,69,78,76
64,68,56,18,77,76
41,82,50,13,43,76
56,57,10,65,99,76
69,94,12,53,55,76
35,94,92,65,30,76
58,67,61,34,14,76
10,27,79,99,78,76
46,28,16,97,68,76
38,38,33,96,43,76
38,57,91,77,51,76
65,50,53,73,63,76
86,46,63,86,69,76
79,61,39,82,39,76
50,67,23,94,71,76
13,53,38,53,58,76
87,28,24,23,11,76
63,65,68,89,59,76
68,96,38,38,99,76
67,36,26,22,80,76
30,29,61,45,14,76
90,38,21,35,12,76
67,18,90,42,15,76
92,22,23,34,88,76
32,11,82,29,71,76
12,76,38,58,42,76
58,33,53,86,32,76
92,39,67,47,40,76
73,81,50,50,89,77
97,29,54,66,18,77
39,73,25,72,98,77
41,87,14,26,67,77
76,42,10,44,28,77
47,74,42,86,66,77
94,43,68,46,86,77
71,26,26,95,44,77
10,51,51,44,11,77
57,46,73,82,43,77
32,18,80,28,85,77
39,92,22,87,41,77
25,73,13,37,85,77
92,65,98,10,45,77
41,69,18,79,46,77
55,81,43,54,80,77
54,70,43,25,34,77
26,34,23,74,48,77
55,65,51,52,43,77
43,90,53,65,84,77
51,11,79,78,82,77
65,63,40,98,86,77
75,13,71,87,16,77
30,15,66,14,78,77
95,15,86,59,17,77
91,66,85,20,68,77
57,91,38,84,56,77
46,19,96,93,41,77
46,43,30,50,93,77
57,73,95,81,72,77
72,29,72,94,81,78
86,21,13,57,21,78
16,23,10,91,56,78
23,19,40,82,85,78
65,39,64,75,91,78
83,73,54,43,75,78
95,92,19,60,46,78
74,24,57,82,19,78
77,73,21,51,82,78
20,39,27,35,10,78
13,69,43,88,16,78
40,26,90,85,48,78
19,10,16,29,11,78
35,12,57,42,68,78
11,52,51,48,84,78
22,84,15,64,21,78
93,21,51,57,19,78
74,66,44,25,41,78
50,27,76,97,17,78
36,53,63,38,97,78
21,47,82,55,13,78
43,19,80,92,46,78
48,71,50,80,79,78
81,41,95,62,16,78
79,72,13,33,14,78
38,61,58,45,92,78
21,48,81,20,52,78
17,83,77,65,11,78
60,19,67,33,58,78
12,79,52,68,75,78
32,84,56,98,65,79
11,47,60,76,66,79
30,42,71,94,26,79
47,83,20,13,24,79
39,57,96,50,27,79
45,90,66,88,37,79
27,44,65,57,22,79
82,41,37,26,20,79
50,49,94,33,83,79
67,87,33,82,43,79
24,32,64,92,24,79
26,54,42,43,38,79
37,34,11,57,42,79
23,37,54,57,64,79
72,20,65,71,61,79
27,66,22,55,66,79
67,24,74,74,91,79
82,74,96,52,65,79
16,12,69,18,25,79
95,34,84,81,33,79
57,77,15,66,49,79
71,68,70,48,16,79
89,58,13,89,56,79
37,38,42,61,53,79
56,86,22,11,79,79
30,44,86,30,54,79
76,42,41,32,34,79
59,61,34,39,92,79
25,48,34,87,38,79
94,46,73,29,28,79
63,66,62,56,41,80
50,56,81,31,86,80
65,60,83,10,87,80
46,11,69,53,10,80
49,80,54,62,95,80
89,50,96,28,61,80
97,32,16,55,31,80
35,46,27,13,54,80
67,19,60,24,82,80
85,43,23,49,48,80
33,23,26,76,13,80
25,76,17,10,96,80
94,51,91,78,77,80
33,38,54,40,32,80
66,91,43,78,51,80
70,77,73,85,20,80
50,66,98,73,90,80
35,49,19,81,69,80
13,74,88,12,78,80
23,76,52,96,11,80
19,34,87,21,69,80
48,23,49,35,59,80
20,78,87,84,79,80
18,58,96,24,79,80
29,69,41,18,76,80
25,23,48,43,17,80
22,19,36,16,40,80
73,17,52,69,42,80
12,89,44,93,76,80
33,90,92,20,30,80
68,70,78,18,89,81
22,22,17,45,37,81
60,47,70,79,40,81
54,51,26,66,41,81
96,39,28,39,28,81
45,71,19,96,31,81
73,46,36,29,30,81
97,56,26,42,31,81
37,77,11,89,65,81
23,81,45,27,31,81
51,70,15,71,37,81
20,58,86,36,58,81
87,45,49,52,66,81
75,94,62,86,26,81
96,26,43,81,42,81
10,99,80,56,91,81
47,45,85,19,99,81
29,62,89,25,87,81
16,52,76,15,55,81
99,99,51,97,76,81
72,81,15,90,12,81
78,71,26,32,13,81
24,57,27,25,15,81
84,33,17,39,52,81
88,38,12,12,79,81
73,36,42,98,19,81
52,79,47,35,20,81
16,63,38,99,50,81
92,61,75,84,44,81
66,20,38,51,16,81
90,61,54,76,74,82
42,72,57,76,87,82
50,24,47,61,58,82
59,50,18,43,65,82
29,70,59,55,52,82
90,68,34,67,35,82
72,66,40,45,33,82
88,76,98,75,21,82
29,32,85,89,18,82
85,79,95,33,16,82
59,46,92,36,30,82
43,22,75,32,25,82
35,95,21,44,31,82
68,98,96,92,75,82
72,63,73,22,32,82
35,94,21,97,67,82
93,80,74,44,60,82
35,74,29,97,53,82
99,50,91,68,56,82
82,56,13,76,22,82
46,59,33,84,64,82
76,85,21,65,93,82
10,90,44,63,20,82
10,76,46,96,85,82
25,79,43,38,60,82
57,42,10,53,16,82
74,98,97,27,47,82
59,98,83,89,45,82
92,82,31,39,88,82
17,33,27,88,90,82
44,97,83,69,38,83
25,51,50,28,38,83
60,38,52,73,57,83
74,47,22,94,92,83
79,61,82,73,80,83
14,92,59,35,70,83
98,49,25,86,67,83
41,64,59,98,15,83
24,16,71,93,36,83
30,56,41,26,96,83
88,95,65,21,38,83
58,38,46,83,63,83
44,58,72,28,95,83
14,54,43,80,47,83
86,96,62,42,60,83
71,15,10,28,53,83
17,49,34,99,78,83
68,49,55,74,40,83
31,98,19,50,76,83
29,96,56,67,24,83
30,39,72,41,36,83
15,87,61,82,69,83
91,28,25,74,58,83
48,28,82,13,25,83
49,81,77,14,82,83
70,24,29,13,57,83
95,54,46,87,39,83
60,17,60,12,44,83
54,73,49,46,49,83
47,26,22,67,98,83
86,57,96,49,44,84
17,23,81,42,72,84
74,45,49,28,94,84
72,32,34,73,95,84
65,31,29,73,54,84
59,29,47,43,83,84
36,78,42,64,11,84
47,61,59,44,56,84
60,79,69,66,10,84
79,57,82,26,91,84
74,36,48,81,94,84
65,15,66,81,82,84
93,97,97,81,52,84
93,14,99,44,17,84
13,47,83,58,58,84
69,72,38,62,70,84
92,79,27,20,13,84
10,56,97,44,99,84
34,26,67,56,68,84
67,67,31,87,76,84
25,79,69,12,73,84
71,90,84,59,94,84
23,63,61,36,50,84
38,65,74,45,83,84
61,38,97,81,14,84
77,40,19,22,84,84
69,72,70,95,90,84
69,14,80,18,15,84
22,49,73,64,64,84
20,78,85,97,95,84
65,15,80,91,71,85
68,49,92,31,48,85
87,29,93,46,16,85
61,37,41,23,62,85
23,76,40,96,35,85
36,33,81,73,96,85
93,69,51,39,50,85
54,39,15,23,93,85
78,59,55,51,89,85
43,57,17,18,97,85
23,73,86,66,19,85
13,71,47,57,34,85
92,18,92,61,34,85
22,51,56,43,73,85
37,37,45,40,72,85
52,20,62,15,11,85
14,22,20,34,64,85
79,99,64,12,96,85
25,20,52,50,28,85
57,13,85,57,62,85
67,64,89,47,34,85
59,78,46,17,23,85
30,96,38,40,90,85
66,86,47,81,77,85
16,10,40,33,84,85
12,25,71,24,52,85
15,14,39,87,77,85
82,96,64,28,47,85
24,62,49,11,17,85
93,13,77,63,14,85
82,56,35,50,33,86
76,45,93,14,10,86
56,48,36,43,18,86
64,84,25,78,61,86
78,36,85,81,94,86
64,17,80,11,84,86
31,67,41,68,56,86
39,90,31,38,78,86
34,69,22,73,81,86
93,11,37,93,43,86
35,75,32,30,14,86
95,33,49,29,99,86
22,25,21,60,88,86
15,21,71,55,80,86
35,40,46,48,60,86
58,77,97,10,83,86
54,91,84,57,27,86
87,83,42,50,66,86
25,97,32,13,57,86
75,67,95,81,12,86
56,42,46,95,29,86
56,90,85,31,63,86
80,72,57,60,49,86
15,21,59,38,84,86
42,22,40,22,35,86
84,69,59,43,42,86
96,27,79,53,25,86
64,52,53,26,37,86
74,27,75,44,99,86
37,75,67,15,44,86
93,91,95,99,50,87
92,10,33,63,89,87
72,14,56,70,28,87
91,71,13,86,30,87
50,57,27,46,23,87
78,32,29,59,32,87
97,11,54,11,78,87
19,74,40,20,92,87
93,92,38,82,35,87
76,86,30,15,44,87
35,53,56,36,83,87
55,30,98,54,33,87
82,28,63,40,13,87
49,28,17,27,17,87
41,66,61,89,65,87
11,71,98,72,22,87
33,87,70,26,18,87
23,39,95,59,96,87
55,81,95,97,74,87
52,87,47,31,31,87
37,23,50,72,78,87
17,89,44,23,72,87
12,51,13,12,52,87
89,87,76,17,23,87
56,24,22,65,24,87
73,25,65,16,49,87
18,15,43,47,61,87
28,97,29,72,21,87
17,21,90,15,95,87
48,44,11,17,92,87
67,36,29,90,85,88
23,51,55,94,80,88
88,15,54,97,30,88
71,21,95,77,57,88
26,91,37,50,57,88
48,91,47,21,96,88
27,97,30,40,82,88
28,23,77,18,62,88
13,64,71,36,88,88
85,84,72,48,61,88
48,10,10,40,42,88
60,46,45,24,90,88
92,97,88,58,55,88
19,96,69,11,96,88
53,12,27,17,87,88
23,80,33,21,83,88
34,61,84,16,49,88
39,88,82,54,71,88
75,45,54,76,93,88
41,40,82,13,28,88
80,93,46,22,16,88
48,19,99,23,88,88
94,51,16,43,58,88
16,36,73,49,18,88
36,65,89,25,15,88
84,51,96,22,61,88
14,46,30,92,87,88
43,24,20,85,88,88
96,78,47,81,19,88
16,44,61,68,26,88
30,88,44,63,75,89
82,80,11,58,59,89
96,83,97,46,58,89
67,50,46,85,86,89
43,19,41,14,57,89
99,72,12,23,39,89
68,67,99,35,40,89
97,98,65,66,71,89
31,22,90,41,22,89
86,47,79,95,19,89
73,13,22,58,32,89
23,70,66,63,21,89
29,95,95,94,37,89
51,31,29,82,62,89
79,80,32,59,59,89
73,89,14,46,22,89
42,64,21,60,33,89
48,54,22,56,72,89
77,48,70,29,63,89
89,73,15,33,52,89
94,35,79,41,28,89
12,74,82,66,93,89
48,81,38,26,79,89
43,85,48,85,34,89
39,89,17,22,94,89
56,70,73,43,20,89
67,75,87,13,30,89
33,21,25,56,58,89
15,25,10,27,55,89
41,78,14,71,74,89
86,54,42,21,20,90
95,67,54,58,28,90
82,66,79,91,78,90
31,13,27,54,86,90
43,36,37,42,12,90
55,93,31,50,50,90
63,35,73,40,67,90
55,64,11,61,47,90
19,96,28,11,19,90
25,34,25,78,72,90
90,23,64,61,31,90
25,35,27,14,13,90
56,47,73,24,28,90
21,79,92,50,84,90
60,44,70,54,75,90
60,32,24,92,34,90
43,73,43,25,46,90
36,46,40,63,34,90
49,59,25,17,65,90
36,40,69,29,93,90
66,97,13,39,89,90
13,80,49,41,67,90
55,21,57,32,46,90
42,65,80,33,62,90
25,66,34,34,32,90
23,34,52,10,46,90
58,10,55,79,84,90
20,45,56,17,59,90
79,39,59,60,49,90
33,31,89,12,50,90
21,87,18,13,96,91
17,21,17,69,81,91
24,25,94,19,20,91
70,65,49,34,29,91
28,56,89,61,41,91
53,22,92,88,39,91
60,47,97,85,76,91
65,43,62,61,69,91
89,52,60,89,51,91
39,84,11,98,57,91
22,68,20,39,43,91
13,10,57,13,75,91
14,64,85,15,27,91
54,25,80,94,27,91
29,21,77,47,92,91
99,80,71,91,96,91
21,71,36,17,75,91
51,21,36,42,82,91
42,28,80,86,56,91
50,11,60,21,71,91
41,73,14,83,95,91
77,81,34,38,89,91
90,52,94,32,29,91
22,74,49,58,95,91
18,17,64,29,15,91
98,94,10,24,87,91
12,54,88,85,97,91
46,98,62,27,22,91
68,47,76,77,12,91
65,81,28,80,47,91
21,96,65,63,25,92
57,26,25,90,78,92
50,35,59,24,14,92
28,11,99,90,11,92
10,80,40,82,71,92
69,74,10,48,51,92
52,13,29,22,22,92
23,50,19,43,16,92
89,63,70,73,42,92
20,27,12,25,91,92
28,13,68,48,78,92
92,70,39,97,35,92
80,50,98,88,50,92
25,67,45,27,32,92
36,73,61,61,33,92
34,97,35,50,70,92
49,76,35,72,58,92
15,87,84,71,63,92
11,21,51,59,50,92
29,34,42,76,15,92
19,94,72,52,21,92
31,79,27,66,72,92
32,23,82,75,48,92
59,73,44,39,70,92
15,36,69,87,31,92
70,36,43,21,68,92
15,39,47,27,76,92
78,71,56,86,32,92
40,80,21,10,65,92
39,35,90,27,68,92
55,51,42,81,75,93
67,28,43,38,93,93
73,43,15,95,11,93
82,26,72,44,34,93
34,20,71,70,68,93
36,11,21,30,11,93
22,13,14,84,84,93
56,48,74,85,52,93
90,74,26,13,49,93
77,31,76,52,57,93
97,67,58,69,52,93
60,85,31,46,51,93
26,16,91,46,86,93
38,37,73,94,44,93
22,69,60,47,10,93
50,52,54,78,56,93
71,91,59,42,93,93
79,36,78,26,85,93
24,43,96,97,99,93
14,12,79,90,88,93
41,46,13,65,55,93
39,59,60,53,27,93
57,28,23,58,94,93
98,12,69,24,53,93
58,78,50,92,38,93
64,33,70,36,37,93
41,99,69,78,63,93
36,49,96,51,52,93
35,65,12,95,47,93
80,85,98,29,24,93
23,57,22,88,93,94
44,99,29,21,10,94
71,36,71,55,27,94
99,80,43,99,19,94
26,87,36,56,10,94
46,27,68,69,17,94
48,40,65,62,93,94
38,68,36,24,61,94
40,50,20,28,84,94
41,65,58,51,12,94
60,82,85,42,67,94
41,28,69,40,59,94
47,70,84,59,18,94
59,68,53,60,53,94
52,39,44,22,67,94
99,96,47,11,50,94
15,19,78,46,94,94
40,98,46,50,17,94
53,30,76,25,76,94
52,79,40,37,75,94
19,33,81,38,36,94
78,64,50,13,40,94
63,67,52,48,46,94
78,31,46,57,59,94
78,15,86,89,70,94
28,88,54,58,11,94
41,77,67,38,86,94
27,31,76,41,51,94
31,40,74,63,64,94
92,64,73,73,30,94
50,80,80,13,38,95
81,63,44,51,44,95
75,45,14,90,24,95
80,19,15,54,12,95
12,46,78,95,68,95
59,98,61,99,26,95
93,13,40,53,15,95
60,66,16,96,47,95
47,93,41,25,27,95
73,21,58,41,66,95
71,47,58,49,16,95
59,74,73,83,88,95
88,48,32,42,53,95
40,14,98,64,86,95
95,25,32,91,53,95
73,38,89,15,14,95
87,67,73,91,91,95
56,92,55,98,82,95
72,75,56,11,41,95
27,68,49,99,43,95
12,15,49,24,13,95
89,38,89,55,98,95
71,53,51,26,34,95
34,37,94,55,50,95
30,82,23,18,71,95
91,52,65,88,71,95
59,18,61,20,95,95
79,90,80,72,29,95
31,61,92,51,99,95
53,75,18,81,81,95
12,77,50,94,94,96
91,69,40,52,94,96
96,71,90,33,31,96
83,36,56,43,91,96
40,82,86,96,47,96
95,23,84,27,98,96
50,23,33,79,59,96
36,72,15,27,92,96
85,40,47,55,79,96
13,30,64,77,91,96
31,15,94,36,65,96
53,69,33,76,19,96
33,36,51,27,27,96
10,91,14,83,64,96
47,20,31,27,85,96
23,61,27,57,53,96
49,33,15,31,64,96
21,30,27,80,21,96
24,96,89,15,87,96
29,49,86,95,54,96
54,41,36,25,95,96
84,34,65,12,85,96
60,42,99,25,21,96
33,10,76,31,26,96
50,37,28,53,67,96
91,47,82,68,61,96
75,45,77,75,51,96
69,46,65,89,10,96
81,94,23,24,86,96
35,99,27,24,44,96
16,86,14,71,56,97
96,95,99,17,10,97
41,96,29,86,27,97
21,21,15,20,67,97
73,47,56,97,73,97
17,50,11,20,93,97
52,43,98,77,21,97
93,27,11,69,27,97
40,32,72,70,26,97
37,92,35,78,39,97
62,28,88,90,50,97
96,49,99,24,36,97
43,66,72,88,20,97
42,29,12,63,68,97
91,93,24,89,55,97
36,65,41,25,76,97
21,87,30,68,43,97
19,15,41,79,16,97
43,56,34,30,21,97
37,29,46,33,57,97
75,39,89,66,51,97
71,24,72,66,24,97
15,37,85,83,41,97
88,52,41,77,32,97
33,22,82,12,67,97
67,49,39,45,34,97
41,19,69,85,40,97
72,94,63,18,39,97
73,84,75,31,49,97
93,41,40,90,42,97
34,49,26,23,93,98
44,56,34,26,93,98
51,82,98,70,97,98
34,63,59,22,80,98
38,73,62,78,33,98
13,82,38,96,39,98
49,64,94,20,93,98
16,66,32,52,98,98
68,75,80,60,28,98
46,69,77,48,99,98
68,67,18,60,59,98
99,11,94,49,81,98
61,81,23,13,62,98
43,75,97,66,43,98
23,73,31,63,36,98
99,11,87,73,77,98
11,36,77,60,55,98
99,89,63,63,27,98
72,59,24,78,80,98
20,90,51,76,85,98
35,50,96,85,54,98
97,58,91,94,51,98
41,93,68,53,82,98
60,62,58,64,25,98
86,74,83,86,39,98
18,55,83,25,35,98
67,87,41,65,78,98
92,80,65,61,77,98
32,46,15,11,46,98
86,30,26,33,36,98
51,77,65,56,20,99
79,82,43,57,93,99
34,79,90,58,74,99
33,19,49,23,25,99
14,37,72,17,38,99
19,22,71,74,24,99
28,74,50,11,78,99
61,14,79,96,21,99
75,87,17,44,58,99
82,20,17,67,44,99
29,24,91,60,32,99
31,49,48,15,38,99
90,42,73,43,24,99
74,69,13,49,51,99
49,41,79,43,43,99
36,63,72,31,73,99
88,88,25,19,42,99
28,84,38,72,37,99
27,80,91,10,93,99
53,65,16,34,45,99
84,49,18,63,16,99
92,30,58,49,32,99
57,21,12,17,95,99
66,95,44,38,13,99
47,54,52,84,85,99
71,55,25,79,34,99
64,35,24,18,22,99
57,98,23,12,77,99
81,91,86,37,62,99
12,66,61,80,76,99
41,47,27,91,34,100
43,57,65,23,53,100
26,50,98,44,40,100
92,38,93,65,29,100
19,64,54,30,41,100
96,94,13,62,94,100
56,73,32,39,98,100
25,57,16,39,17,100
43,85,16,32,65,100
17,26,29,44,26,100
11,92,37,35,46,100
37,10,95,38,61,100
17,16,44,53,92,100
44,26,48,94,72,100
75,61,72,70,73,100
61,64,31,61,72,100
57,23,94,31,81,100
90,90,69,99,60,100
65,97,65,57,87,100
45,35,73,39,50,100
91,18,35,70,70,100
72,90,28,23,52,100
85,67,63,70,55,100
83,77,47,96,96,100
59,27,30,84,92,100
12,25,36,77,35,100
49,58,50,18,74,100
55,82,94,86,74,100
87,61,33,90,62,100
48,46,47,81,71,100
